id,name,operator,status,pointSource,pointSourceName,altPointSource,altPointSourceName,mapSource,digitizedBy,digitizedDate,siteType,cameraHeightFeet,notes,longitude,latitude
digitized-camera-1,Grizzly Mountain,EnviroVision Solutions,Operational,ODF_sites_points,Grizzly CFPA,standing-lookouts,Grizzly Mountain,Oregon Wildfire Detection Network Map - PDF,Mason Weybright,2026-09-23,Ground,,name mismatch,-124.364986,42.396385
digitized-camera-2,Little Grayback,EnviroVision Solutions,Operational,ODF_sites_points,Little Grayback,standing-lookouts,Little Grayback,Oregon Wildfire Detection Network Map - PDF,Mason Weybright,2026-09-23,2 Story cab,,,-123.493986,42.198245
digitized-camera-3,Soda Mountain,EnviroVision Solutions,Operational,ODF_sites_points,Soda Mountain,standing-lookouts,Soda Mountain,Oregon Wildfire Detection Network Map - PDF,Mason Weybright,2026-09-23,Tower,,,-122.478986,42.064775
digitized-camera-4,Parker Mountain,EnviroVision Solutions,Operational,ODF_sites_points,Parker Mountain,standing-lookouts,Parker Mountain,Oregon Wildfire Detection Network Map - PDF,Mason Weybright,2026-09-23,Tower,,pt adjusted to imagery,-122.27889,42.105339
digitized-camera-5,Chase Mountain,EnviroVision Solutions,Operational,ODF_sites_points,Chase,standing-lookouts,Chase Mountain,Oregon Wildfire Detection Network Map - PDF,Mason Weybright,2026-09-23,Tower,,name mismatch,-121.993986,42.094605
digitized-camera-6,Dutchman Peak,EnviroVision Solutions,Operational,ODF_sites_points,Dutchman Peak,standing-lookouts,Dutchmans Peak,Oregon Wildfire Detection Network Map - PDF,Mason Weybright,2026-09-23,Ground,,standing_lookout pt closer to site in imagery than ODF pt,-122.890986,42.043565
digitized-camera-7,Hogback,EnviroVision Solutions,Operational,ODF_sites_points,Hogback,standing-lookouts,Hogback Mountain,Oregon Wildfire Detection Network Map - PDF,Mason Weybright,2026-09-23,Tower,,,-121.705986,42.242905
digitized-camera-8,Yainax Butte,EnviroVision Solutions,Operational,ODF_sites_points,Yainax,standing-lookouts,Yainax Butte,Oregon Wildfire Detection Network Map - PDF,Mason Weybright,2026-09-23,Tower,,"name mismatch, standing_lookout pt closer to site in imagery than ODF pt",-121.269986,42.326505
digitized-camera-9,Drake Peak,EnviroVision Solutions,Planned,standing-lookouts,Drake Peak,,,Oregon Wildfire Detection Network Map - PDF,Mason Weybright,2026-09-23,Ground,,,-120.157917,42.300505
digitized-camera-10,Table Mountain,ALERTWest,Planned,standing-lookouts,Table Mountain,,,Oregon Wildfire Detection Network Map - PDF,Mason Weybright,2026-09-23,Tower,,,-122.492866,42.197755
digitized-camera-11,Onion,EnviroVision Solutions,Operational,ODF_sites_points,Onion,standing-lookouts,Onion Mountain,Oregon Wildfire Detection Network Map - PDF,Mason Weybright,2026-09-23,Tower,,standing_lookout pt closer to site in imagery than ODF pt,-123.615986,42.454415
digitized-camera-12,Mt Ashland,EnviroVision Solutions,Operational,usfs_communications_sites,MT ASHLAND,ODF_sites_points,Mt. Ashland,Oregon Wildfire Detection Network Map - PDF,Mason Weybright,2026-09-23,,,name mismatch,-122.720258,42.081016
digitized-camera-13,Round Pass,EnviroVision Solutions,Operational,usfs_communications_sites,ROUND PASS,ODF_sites_points,Round Pass,Oregon Wildfire Detection Network Map - PDF,Mason Weybright,2026-09-23,,,"name mismatch, ODF pt approx 2,800 ft north of site in imagery",-120.507106,42.492431
digitized-camera-14,Round Top,EnviroVision Solutions,Operational,standing-lookouts,Round Top,ODF_sites_points,Round Top,Oregon Wildfire Detection Network Map - PDF,Mason Weybright,2026-09-23,Tower,,ODF pt approx 10.4 miles east of site in imagery,-122.990886,42.701855
digitized-camera-15,Sexton,EnviroVision Solutions,Operational,ODF_sites_points,Sexton,standing-lookouts,Sexton Mountain,Oregon Wildfire Detection Network Map - PDF,Mason Weybright,2026-09-23,Tower,,,-123.365986,42.600135
digitized-camera-16,Bland Mountain,EnviroVision Solutions,Operational,ODF_sites_points,Bland Mountain,standing-lookouts,Bland Mountain,Oregon Wildfire Detection Network Map - PDF,Mason Weybright,2026-09-23,Tower,,standing_lookout pt closer to site in imagery than ODF pt,-123.118986,42.969105
digitized-camera-17,Edson Butte,EnviroVision Solutions,Operational,ODF_sites_points,Edson Butte,standing-lookouts,Edson Butte,Oregon Wildfire Detection Network Map - PDF,Mason Weybright,2026-09-23,Tower,,pt adjusted to imagery,-124.33431,42.872012
digitized-camera-18,Grizzly Peak,EnviroVision Solutions,Operational,usfs_communications_sites,GRIZZLY PEAK,ODF_sites_points,Grizzly Peak,Oregon Wildfire Detection Network Map - PDF,Mason Weybright,2026-09-23,,,name mismatch,-120.639486,42.25259
digitized-camera-19,Wild Frontier,ALERTWest,Operational,usfs_communications_sites,CAMP SIX,,,Oregon Wildfire Detection Network Map - PDF,Mason Weybright,2026-09-23,,,name mismatch,-123.876969,41.830277
digitized-camera-20,Slater Butter Lookout,ALERTWest,Operational,usfs_communications_sites,SLATER BUTTE,,,Oregon Wildfire Detection Network Map - PDF,Mason Weybright,2026-09-23,,,name mismatch,-123.353515,41.858004
digitized-camera-21,Latgawa Mountain,Pano AI,Operational,usfs_communications_sites,DEAD INDIAN MOUNTAIN,,,Oregon Wildfire Detection Network Map - PDF,Mason Weybright,2026-09-23,,,name mismatch,-120.829698,42.983688
digitized-camera-22,Red Butte,EnviroVision Solutions,Operational,ODF_sites_points,Red Butte,standing-lookouts,Red Butte,Oregon Wildfire Detection Network Map - PDF,Mason Weybright,2026-09-23,Tower,,,-122.880986,43.165555
digitized-camera-23,Baughman,EnviroVision Solutions,Operational,standing-lookouts,Baughman Mountain,ODF_sites_points,Baughman,Oregon Wildfire Detection Network Map - PDF,Mason Weybright,2026-09-23,Tower,,name mismatch,-123.581196,43.269255
digitized-camera-24,Warner Mountain,EnviroVision Solutions,Operational,standing-lookouts,Warner Ridge,ODF_sites_points,Warner Mountain,Oregon Wildfire Detection Network Map - PDF,Mason Weybright,2026-09-23,Tower,,name mismatch,-122.366386,43.543395
digitized-camera-25,Walker Mountain,EnviroVision Solutions,Operational,ODF_sites_points,Walker Mountain,standing-lookouts,Walker Mountain,Oregon Wildfire Detection Network Map - PDF,Mason Weybright,2026-09-23,Tower,,,-121.716986,43.305215
digitized-camera-26,Pig Iron Mountain Lookout,ALERTWest,Planned,standing-lookouts,Pig Iron,,,Oregon Wildfire Detection Network Map - PDF,Mason Weybright,2026-09-23,Tower,,name mismatch,-122.379876,43.264195
digitized-camera-27,Spring Butte,EnviroVision Solutions,Planned,standing-lookouts,Spring Butte,,,Oregon Wildfire Detection Network Map - PDF,Mason Weybright,2026-09-23,Tower,,pt adjusted to imagery,-121.347872,43.523305
digitized-camera-28,Wolf Mountain,ALERTWest,Planned,usfs_communications_sites,WOLF MOUNTAIN,,,Oregon Wildfire Detection Network Map - PDF,Mason Weybright,2026-09-23,,,name mismatch,-122.230694,43.616659
digitized-camera-29,Fairview Point Lookout,ALERTWest,Planned,standing-lookouts,Fairview Peak,,,Oregon Wildfire Detection Network Map - PDF,Mason Weybright,2026-09-23,Tower,,name mismatch,-122.653226,43.585775
digitized-camera-30,Dry Mountain,ALERTWest,Operational,standing-lookouts,Dry Mountain,,,Oregon Wildfire Detection Network Map - PDF,Mason Weybright,2026-09-23,Tower,,,-119.563696,43.671954
digitized-camera-31,Bearwallow Butte,EnviroVision Solutions,Operational,usfs_communications_sites,BEARWALLOW BUTTE,,,Oregon Wildfire Detection Network Map - PDF,Mason Weybright,2026-09-23,,,name mismatch,-121.552238,44.078619
digitized-camera-32,Hagen,EnviroVision Solutions,Operational,ODF_sites_points,Hagen,,,Oregon Wildfire Detection Network Map - PDF,Mason Weybright,2026-09-23,,,,-122.409986,44.139095
digitized-camera-33,Big Rock,EnviroVision Solutions,Operational,ODF_sites_points,Big Rock,standing-lookouts,Big Rock,Oregon Wildfire Detection Network Map - PDF,Mason Weybright,2026-09-23,2 Story cab,,,-122.450986,44.268035
digitized-camera-34,Cougar Rock,EnviroVision Solutions,Operational,usfs_communications_sites,COUGAR ROCK,ODF_sites_points,Cougar Rock,Oregon Wildfire Detection Network Map - PDF,Mason Weybright,2026-09-23,,,name mismatch,-122.310525,44.479759
digitized-camera-35,Green Peter,EnviroVision Solutions,Operational,standing-lookouts,Green Peter,ODF_sites_points,Green Peter,Oregon Wildfire Detection Network Map - PDF,Mason Weybright,2026-09-23,Ground,,,-122.582896,44.483065
digitized-camera-36,Foley Butte,EnviroVision Solutions,Operational,ODF_sites_points,Foley,standing-lookouts,Foley Butte,Oregon Wildfire Detection Network Map - PDF,Mason Weybright,2026-09-23,Tower,,name mismatch,-120.784986,44.527004
digitized-camera-37,Gerow Butte,EnviroVision Solutions,Operational,ODF_sites_points,Gerow Butte,standing-lookouts,Gerow Butte,Oregon Wildfire Detection Network Map - PDF,Mason Weybright,2026-09-23,Tower,,,-120.459986,44.263404
digitized-camera-38,Sidwalter,Pano AI,Operational,PGE_WF_Cameras,Sidwalter,standing-lookouts,Sidwalter Butte,Oregon Wildfire Detection Network Map - PDF,Mason Weybright,2026-09-23,Tower,,no entry for this site in PGE_towers_reduced,-121.539219,44.926279
digitized-camera-39,Flag Point,EnviroVision Solutions,Operational,usfs_communications_sites,FLAG POINT,ODF_sites_points,Flag Point,Oregon Wildfire Detection Network Map - PDF,Mason Weybright,2026-09-23,,,"name mismatch, pt adjusted to imagery",-121.466549,45.317858
digitized-camera-40,Whale Head,Pano AI,Operational,PGE_WF_Cameras,Whale Head,,,Oregon Wildfire Detection Network Map - PDF,Mason Weybright,2026-09-23,,150,"height pulled from ""Description"" column of PGE-towers_reduced.csv sheet",-122.119159,45.10668
digitized-camera-41,Memaloose,Pano AI,Operational,PGE_WF_Cameras,Memaloose,,,Oregon Wildfire Detection Network Map - PDF,Mason Weybright,2026-09-23,,185,"height pulled from ""Description"" column of PGE-towers_reduced.csv sheet",-122.182624,45.18619
digitized-camera-42,Hickman Butte Lookout,ALERTWest,Planned,standing-lookouts,Hickman Butte,,,Oregon Wildfire Detection Network Map - PDF,Mason Weybright,2026-09-23,Tower,,"name mismatch, pt adjusted to imagery",-121.911319,45.412474
digitized-camera-43,Mt Defiance,ALERTWest,Operational,usfs_communications_sites,MT DEFIANCE,,,Oregon Wildfire Detection Network Map - PDF,Mason Weybright,2026-09-23,,,name mismatch,-121.722655,45.648648
digitized-camera-44,Tamarack,EnviroVision Solutions,Planned,ODF_sites_points,Tamarack,standing-lookouts,Tamarack Mountain,Oregon Wildfire Detection Network Map - PDF,Mason Weybright,2026-09-23,Tower,,,-119.661503,44.873755
digitized-camera-45,Black Mountain,EnviroVision Solutions,Operational,ODF_sites_points,Black Mountain,,,Oregon Wildfire Detection Network Map - PDF,Mason Weybright,2026-09-23,,,,-119.295986,45.212864
digitized-camera-46,Ritter Butte,EnviroVision Solutions,Operational,standing-lookouts,Ritter Butte,ODF_sites_points,Ritter,Oregon Wildfire Detection Network Map - PDF,Mason Weybright,2026-09-23,3 Story cab,,,-119.071346,44.833584
digitized-camera-47,Mt Ireland,EnviroVision Solutions,Planned,standing-lookouts,"Ireland, Mount",,,Oregon Wildfire Detection Network Map - PDF,Mason Weybright,2026-09-23,Ground,,name mismatch,-118.320596,44.836874
digitized-camera-48,Glass Hill,EnviroVision Solutions,Planned,standing-lookouts,Glass Hill,ODF_sites_points,Glass Hill,Oregon Wildfire Detection Network Map - PDF,Mason Weybright,2026-09-23,Tower,,pt adjusted to imagery,-118.075184,45.205054
digitized-camera-49,Mt Harris,EnviroVision Solutions,Operational,standing-lookouts,"Harris, Mount",ODF_sites_points,Mt. Harris,Oregon Wildfire Detection Network Map - PDF,Mason Weybright,2026-09-23,Tower,,name mismatch,-117.893106,45.440414
digitized-camera-50,Howard Butte,EnviroVision Solutions,Operational,standing-lookouts,Howard Butte,ODF_sites_points,Howard Butte,Oregon Wildfire Detection Network Map - PDF,Mason Weybright,2026-09-23,Tower,,,-117.737086,45.723764
digitized-camera-51,Tope Creek,EnviroVision Solutions,Planned,standing-lookouts,Tope Creek,,,Oregon Wildfire Detection Network Map - PDF,Mason Weybright,2026-09-23,Tower,,,-117.403396,45.652754
digitized-camera-52,Elk Mountain NEO,EnviroVision Solutions,Operational,ODF_sites_points,Elk Mountain NEO,standing-lookouts,Elk Mountain,Oregon Wildfire Detection Network Map - PDF,Mason Weybright,2026-09-23,Ground,,pt adjusted to imagery,-117.205203,45.597741
digitized-camera-53,Halfway,ALERTWest,Operational,standing-lookouts,Halfway (Pine Range Station),,,Oregon Wildfire Detection Network Map - PDF,Mason Weybright,2026-09-23,Tower,,name mismatch,-117.088277,44.859994
digitized-camera-54,Swan Lake Point,ALERTWest,Planned,usfs_communications_sites,SWAN LAKE,,,Oregon Wildfire Detection Network Map - PDF,Mason Weybright,2026-09-23,,,"name mismatch, pt adjusted to imagery",-121.668687,42.408434
digitized-camera-55,Manzanita,EnviroVision Solutions,Operational,ODF_sites_points,Manzanita,,,Oregon Wildfire Detection Network Map - PDF,Mason Weybright,2026-09-23,,,,-123.449986,42.304265
digitized-camera-56,Tallowbox,EnviroVision Solutions,Operational,ODF_sites_points,Tallowbox,,,Oregon Wildfire Detection Network Map - PDF,Mason Weybright,2026-09-23,,,pt adjusted to imagery,-123.151586,42.19635
digitized-camera-57,Chicken Hills,EnviroVision Solutions,Operational,ODF_sites_points,Chicken Hills,,,Oregon Wildfire Detection Network Map - PDF,Mason Weybright,2026-09-23,,,pt adjusted to imagery,-122.024986,42.045953
digitized-camera-58,Isabelle,Joint Site,Operational,ODF_sites_points,Isabelle,,,Oregon Wildfire Detection Network Map - PDF,Mason Weybright,2026-09-23,,,pt adjusted to imagery,-123.10456,42.303197
digitized-camera-59,Eight Dollar Mountain,Joint Site,Operational,usfs_communications_sites,EIGHT DOLLAR MOUNTAIN,,,Oregon Wildfire Detection Network Map - PDF,Mason Weybright,2026-09-23,,,"name mismatch, pt adjusted to imagery",-123.661489,42.258482
digitized-camera-60,Bieberstedt Butte,EnviroVision Solutions,Operational,ODF_sites_points,Bieberstedt Butte,,,Oregon Wildfire Detection Network Map - PDF,Mason Weybright,2026-09-23,,,,-122.472986,42.410505
digitized-camera-61,Flounce,EnviroVision Solutions,Operational,ODF_sites_points,Flounce Rock,,,Oregon Wildfire Detection Network Map - PDF,Mason Weybright,2026-09-23,,,name mismatch,-122.608986,42.727885
digitized-camera-62,Cedar Springs Mountain,EnviroVision Solutions,Operational,ODF_sites_points,Cedar Springs Mountain,,,Oregon Wildfire Detection Network Map - PDF,Mason Weybright,2026-09-23,,,pt adjusted to imagery,-123.122302,42.761729
digitized-camera-63,Peavine,EnviroVision Solutions,Operational,ODF_sites_points,Peavine,,,Oregon Wildfire Detection Network Map - PDF,Mason Weybright,2026-09-23,,,,-123.641986,42.601755
digitized-camera-64,Reuben,EnviroVision Solutions,Operational,ODF_sites_points,Reuben,,,Oregon Wildfire Detection Network Map - PDF,Mason Weybright,2026-09-23,,,,-123.596986,42.718695
digitized-camera-65,Hood Mountain,EnviroVision Solutions,Operational,ODF_sites_points,Hood Mountain,,,Oregon Wildfire Detection Network Map - PDF,Mason Weybright,2026-09-23,,,pt adjusted to imagery,-124.052353,42.935925
digitized-camera-66,Signal Tree,EnviroVision Solutions,Operational,ODF_sites_points,Signal Tree,,,Oregon Wildfire Detection Network Map - PDF,Mason Weybright,2026-09-23,,,pt adjusted to imagery,-123.778494,43.00172
digitized-camera-67,Dutchman Butte,EnviroVision Solutions,Operational,ODF_sites_points,Dutchman Butte,,,Oregon Wildfire Detection Network Map - PDF,Mason Weybright,2026-09-23,,,pt adjusted to imagery,-123.660271,42.866651
digitized-camera-68,Silver Butte,EnviroVision Solutions,Operational,ODF_sites_points,Silver Butte,,,Oregon Wildfire Detection Network Map - PDF,Mason Weybright,2026-09-23,,,pt adjusted to imagery,-123.378393,42.859012
digitized-camera-69,Canyon Mountain,EnviroVision Solutions,Operational,ODF_sites_points,Canyon Mountain,,,Oregon Wildfire Detection Network Map - PDF,Mason Weybright,2026-09-23,,,,-123.285986,42.902195
digitized-camera-70,Beaver Hill,EnviroVision Solutions,Operational,ODF_sites_points,Beaver Hill,,,Oregon Wildfire Detection Network Map - PDF,Mason Weybright,2026-09-23,,,pt adjusted to imagery,-124.305428,43.210119
digitized-camera-71,Marsters Ridge,EnviroVision Solutions,Operational,ODF_sites_points,Marsters Ridge,,,Oregon Wildfire Detection Network Map - PDF,Mason Weybright,2026-09-23,,,pt adjusted to imagery,-123.417501,43.187559
digitized-camera-72,Shutters Landing,EnviroVision Solutions,Operational,ODF_sites_points,Shutter Landing,,,Oregon Wildfire Detection Network Map - PDF,Mason Weybright,2026-09-23,,,name mismatch,-124.175347,43.533856
digitized-camera-73,Dean Mountain,EnviroVision Solutions,Operational,ODF_sites_points,Dean Mountain,,,Oregon Wildfire Detection Network Map - PDF,Mason Weybright,2026-09-23,,,pt adjusted to imagery,-123.97978,43.614528
digitized-camera-74,Ivers Peak,EnviroVision Solutions,Operational,ODF_sites_points,Ivers Peak,,,Oregon Wildfire Detection Network Map - PDF,Mason Weybright,2026-09-23,,,pt adjusted to imagery,-123.853116,43.403952
digitized-camera-75,Old Blue,EnviroVision Solutions,Operational,ODF_sites_points,Old Blue,,,Oregon Wildfire Detection Network Map - PDF,Mason Weybright,2026-09-23,,,pt adjusted to imagery,-123.669408,43.510516
digitized-camera-76,Yellow Butte,EnviroVision Solutions,Operational,ODF_sites_points,Yellow Butte,,,Oregon Wildfire Detection Network Map - PDF,Mason Weybright,2026-09-23,,,pt adjusted to imagery,-123.40357,43.546523
digitized-camera-77,Mt Scott,EnviroVision Solutions,Operational,ODF_sites_points,Mt. Scott,,,Oregon Wildfire Detection Network Map - PDF,Mason Weybright,2026-09-23,,,"name mismatch, pt adjusted to imagery",-123.064403,43.371797
digitized-camera-78,Chilcoot,EnviroVision Solutions,Operational,ODF_sites_points,Chilcoot,,,Oregon Wildfire Detection Network Map - PDF,Mason Weybright,2026-09-23,,,pt adjusted to imagery,-122.731294,43.432306
digitized-camera-79,Table Mountain,EnviroVision Solutions,Operational,ODF_sites_points,Table Mountain,,,Oregon Wildfire Detection Network Map - PDF,Mason Weybright,2026-09-23,,,pt adjusted to imagery,-122.842707,43.628028
digitized-camera-80,Roman Nose,EnviroVision Solutions,Operational,ODF_sites_points,Roman Nose,,,Oregon Wildfire Detection Network Map - PDF,Mason Weybright,2026-09-23,,,pt adjusted to imagery,-123.738545,43.912279
digitized-camera-81,Walker Point,EnviroVision Solutions,Operational,ODF_sites_points,Walker Point,,,Oregon Wildfire Detection Network Map - PDF,Mason Weybright,2026-09-23,,,,-123.628986,44.066545
digitized-camera-82,Mt Nebo,EnviroVision Solutions,Operational,ODF_sites_points,Mt. Nebo,,,Oregon Wildfire Detection Network Map - PDF,Mason Weybright,2026-09-23,,,"name mismatch, pt adjusted to imagery",-122.715185,44.153031
digitized-camera-83,Scott Mountain,EnviroVision Solutions,Planned,ODF_sites_points,Mt. Scott (Linn County),,,Oregon Wildfire Detection Network Map - PDF,Mason Weybright,2026-09-23,,,"name mismatch, pt adjusted to imagery",-122.863657,44.3988
digitized-camera-84,Geneva,EnviroVision Solutions,Operational,ODF_sites_points,Geneva,,,Oregon Wildfire Detection Network Map - PDF,Mason Weybright,2026-09-23,,,pt adjusted to imagery,-121.39161,44.537863
digitized-camera-85,Crescent Butte,EnviroVision Solutions,Operational,ODF_sites_points,Crescent Butte,,,Oregon Wildfire Detection Network Map - PDF,Mason Weybright,2026-09-23,,,pt adjusted to imagery,-121.668026,43.462753
digitized-camera-86,Hamelton,EnviroVision Solutions,Operational,ODF_sites_points,Hamelton,,,Oregon Wildfire Detection Network Map - PDF,Mason Weybright,2026-09-23,,,pt adjusted to imagery,-121.350767,42.785259
digitized-camera-87,Middle Mountain,EnviroVision Solutions,Operational,ODF_sites_points,Middle Mountain,,,Oregon Wildfire Detection Network Map - PDF,Mason Weybright,2026-09-23,,,pt adjusted to imagery,-121.597205,45.579332
digitized-camera-88,Wasco Butte,EnviroVision Solutions,Operational,ODF_sites_points,Wasco Butte,,,Oregon Wildfire Detection Network Map - PDF,Mason Weybright,2026-09-23,,,,-121.334986,45.616704
digitized-camera-89,Monument Mountain,EnviroVision Solutions,Operational,ODF_sites_points,Monument Mountain,,,Oregon Wildfire Detection Network Map - PDF,Mason Weybright,2026-09-23,,,,-119.425986,44.861984
digitized-camera-90,Carney Butte,EnviroVision Solutions,Operational,ODF_sites_points,Carney Butte,,,Oregon Wildfire Detection Network Map - PDF,Mason Weybright,2026-09-23,,,,-118.948755,45.281554
digitized-camera-91,Tiptop,EnviroVision Solutions,Operational,ODF_sites_points,Tip Top,,,Oregon Wildfire Detection Network Map - PDF,Mason Weybright,2026-09-23,,,name mismatch,-118.421986,45.445284
digitized-camera-92,Weston High,EnviroVision Solutions,Operational,ODF_sites_points,Weston,,,Oregon Wildfire Detection Network Map - PDF,Mason Weybright,2026-09-23,,,name mismatch,-118.375858,45.800076
digitized-camera-93,King Mountain,EnviroVision Solutions,Operational,ODF_sites_points,King Mountain,,,Oregon Wildfire Detection Network Map - PDF,Mason Weybright,2026-09-23,,,"pt adjusted to imagery, ref point offset to west by about 1.35 miles from location of actual tower in imagery",-123.20319,42.713816
digitized-camera-94,Bald Mountain,EnviroVision Solutions,Operational,ODF_sites_points,Bald Mountain,,,Oregon Wildfire Detection Network Map - PDF,Mason Weybright,2026-09-23,,,pt adjusted to imagery,-117.893657,44.574127
digitized-camera-95,Round Top,Joint Site,Operational,PGE_WF_Cameras,Portland Round Top,,,Oregon Wildfire Detection Network Map - PDF,Mason Weybright,2026-09-23,,120,"name mismatch, height pulled from ""Description"" column of PGE-towers_reduced.csv sheet",-123.362626,45.67713
digitized-camera-96,Pumpkin Ridge,Pano AI,Operational,PGE_WF_Cameras,Pumpkin Ridge,,,Oregon Wildfire Detection Network Map - PDF,Mason Weybright,2026-09-23,,150,"height pulled from ""Description"" column of PGE-towers_reduced.csv sheet",-123.04024,45.690399
digitized-camera-97,Lodge Road,Pano AI,Operational,PGE_WF_Cameras,Lodge Road,,,Oregon Wildfire Detection Network Map - PDF,Mason Weybright,2026-09-23,,200,"height pulled from ""Description"" column of PGE-towers_reduced.csv sheet",-123.098365,45.645451
digitized-camera-98,Hayward,Pano AI,Operational,PGE_WF_Cameras,Hayward,,,Oregon Wildfire Detection Network Map - PDF,Mason Weybright,2026-09-23,,180,"height pulled from ""Description"" column of PGE-towers_reduced.csv sheet",-123.217564,45.642175
digitized-camera-99,Portland Willalatin Tank,Pano AI,Operational,PGE_WF_Cameras,Portland Willalatin Tank,,,Oregon Wildfire Detection Network Map - PDF,Mason Weybright,2026-09-23,,,"no entry for this site in PGE_towers_reduced, camera may be on actual water tank",-122.795765,45.580533
digitized-camera-100,High Compromise,Pano AI,Operational,PGE_WF_Cameras,High Compromise,,,Oregon Wildfire Detection Network Map - PDF,Mason Weybright,2026-09-23,,180,"height pulled from ""Description"" column of PGE-towers_reduced.csv sheet",-123.168756,45.484599
digitized-camera-101,Bald Hill,Pano AI,Operational,PGE_WF_Cameras,Bald Hill,,,Oregon Wildfire Detection Network Map - PDF,Mason Weybright,2026-09-23,,,no entry for this site in PGE_towers_reduced,-122.954985,45.782595
digitized-camera-102,Bald Peak,Pano AI,Operational,PGE_WF_Cameras,Bald Peak,,,Oregon Wildfire Detection Network Map - PDF,Mason Weybright,2026-09-23,,120,"height pulled from ""Description"" column of PGE-towers_reduced.csv sheet",-123.050719,45.389153
digitized-camera-103,High Heaven,Pano AI,Operational,PGE_WF_Cameras,High Heaven,,,Oregon Wildfire Detection Network Map - PDF,Mason Weybright,2026-09-23,,,no entry for this site in PGE-towers_reduced,-123.309726,45.2644
digitized-camera-104,Spirit Mountain,Pano AI,Operational,PGE_WF_Cameras,Spirit Mountain,,,Oregon Wildfire Detection Network Map - PDF,Mason Weybright,2026-09-23,,,no entry for this site in PGE-towers_reduced,-123.584376,45.065384
digitized-camera-105,Doane Creek,Pano AI,Operational,PGE_WF_Cameras,Doane Creek,,,Oregon Wildfire Detection Network Map - PDF,Mason Weybright,2026-09-23,,,no entry for this site in PGE-towers_reduced,-123.511625,45.023444
digitized-camera-106,West Salem,Pano AI,Operational,PGE_WF_Cameras,West Salem,,,Oregon Wildfire Detection Network Map - PDF,Mason Weybright,2026-09-23,,,West Salem tower in PGE-towers_reduced appears to be different tower than West Salem tower in PGE_WF_Cameras,-123.143081,44.984543
digitized-camera-107,Eola Hills,Pano AI,Operational,PGE_WF_Cameras,Eola Hills,,,Oregon Wildfire Detection Network Map - PDF,Mason Weybright,2026-09-23,,120,"height pulled from ""Description"" column of PGE-towers_reduced.csv sheet",-123.145791,45.098973
digitized-camera-108,Parrott Mountain,Pano AI,Operational,PGE_WF_Cameras,Parrett Mountain,,,Oregon Wildfire Detection Network Map - PDF,Mason Weybright,2026-09-23,,150,"name mismatch, height pulled from ""Description"" column of PGE-towers_reduced.csv",-122.893069,45.306439
digitized-camera-109,Pete's Mountain,Pano AI,Operational,PGE_WF_Cameras,Pete's Mountain,,,Oregon Wildfire Detection Network Map - PDF,Mason Weybright,2026-09-23,,150,"height pulled from ""Description"" column of PGE-towers_reduced.csv sheet",-122.693679,45.34419
digitized-camera-110,Silverton,Pano AI,Operational,PGE_WF_Cameras,Silverton,,,Oregon Wildfire Detection Network Map - PDF,Mason Weybright,2026-09-23,,160,"height pulled from ""Description"" column of PGE-towers_reduced.csv sheet",-122.766485,45.002967
digitized-camera-111,Sawtell,Pano AI,Operational,PGE_WF_Cameras,Sawtell,,,Oregon Wildfire Detection Network Map - PDF,Mason Weybright,2026-09-23,,150,"height pulled from ""Description"" column of PGE-towers_reduced.csv sheet",-122.555232,45.074828
digitized-camera-112,Colton,Pano AI,Operational,PGE_WF_Cameras,Colton,,,Oregon Wildfire Detection Network Map - PDF,Mason Weybright,2026-09-23,,88,"height pulled from ""Description"" column of PGE-towers_reduced.csv sheet",-122.413153,45.176571
digitized-camera-113,Goat Mountain,Joint Site,Operational,PGE_WF_Cameras,Goat Mountain,,,Oregon Wildfire Detection Network Map - PDF,Mason Weybright,2026-09-23,,,structure shown in PGE-towers_reduced appears to be different than one marked in PGE_WF_cameras,-122.291695,45.13104
digitized-camera-114,Portland Lookout Point,Pano AI,Operational,PGE_WF_Cameras,Portland Lookout Point,,,Oregon Wildfire Detection Network Map - PDF,Mason Weybright,2026-09-23,,,no entry for this site in PGE-towers_reduced,-122.129526,45.483574
digitized-camera-115,Day Hill,Pano AI,Operational,PGE_WF_Cameras,Day Hill,,,Oregon Wildfire Detection Network Map - PDF,Mason Weybright,2026-09-23,,,"two structures of differing heights both marked at this site, unclear which the camera may be on",-122.332967,45.27077
digitized-camera-116,Mill City,Pano AI,Operational,PGE_WF_Cameras,Mill City,,,Oregon Wildfire Detection Network Map - PDF,Mason Weybright,2026-09-23,,,no entry for this site in PGE-towers_reduced,-122.475946,44.761988
digitized-camera-117,Warm Springs,Pano AI,Operational,PGE_WF_Cameras,Warm Springs,,,Oregon Wildfire Detection Network Map - PDF,Mason Weybright,2026-09-23,,,no entry for this site in PGE-towers_reduced,-121.219022,44.754998
digitized-camera-118,Round Butte,Pano AI,Operational,PGE_WF_Cameras,Round Butte,,,Oregon Wildfire Detection Network Map - PDF,Mason Weybright,2026-09-23,,,no entry for this site in PGE-towers_reduced,-121.267855,44.602038
digitized-camera-119,Sycan Substation,Pano AI,Operational,PGE_WF_Cameras,Sycan Substation,,,Oregon Wildfire Detection Network Map - PDF,Mason Weybright,2026-09-23,,,no entry for this site in PGE-towers_reduced,-120.988209,42.853411
digitized-camera-120,Biglow Canyon,Pano AI,Operational,PGE_WF_Cameras,Biglow Canyon,,,Oregon Wildfire Detection Network Map - PDF,Mason Weybright,2026-09-23,,,no entry for this site in PGE-towers_reduced,-120.642802,45.637982
digitized-camera-121,Oak Grove Butte,Joint Site,Operational,PGE_WF_Cameras,Oak Grove Butte,,,Oregon Wildfire Detection Network Map - PDF,Mason Weybright,2026-09-23,,,no entry for this site in PGE-towers_reduced,-121.99026,45.048228
