Site Name,Lattitude,Longitude,Coordinates,Camera Height (ft)
Portland Tower,45.52028,-122.74476,"45.52028,-122.74476",377
Glenada Ridge,43.9555,-124.07524,"43.9555,-124.07524",215
Smith Ridge,44.29507,-122.04087,"44.29507,-122.04087",190
Table Mountain,44.475433,-123.836677,"44.475433,-123.836677",190
Lenhart,45.350261,-122.16713,"45.350261,-122.16713",183
Dead Mountain,43.77552,-122.40588,"43.77552,-122.40588",182
Herman Peak,44.12439,-124.01284,"44.12439,-124.01284",182
Jordan Butte,45.47179,-119.81005,"45.47179,-119.81005",182
McCully Mountain,44.763325,-122.63129,"44.763325,-122.63129",180
Peterson Butte,44.505504,-122.961877,"44.505504,-122.961877",170
Applegate,42.707285,-121.718728,"42.707285,-121.718728",163
Fish Rim Peak,42.18684,-119.92506,"42.18684,-119.92506",161
Cave Junction Tower,42.15653,-123.64339,"42.15653,-123.64339",150
Crestview,44.00139,-123.10823,"44.00139,-123.10823",150
Brightwood Mtn,45.39741,-122.03987,"45.39741,-122.03987",134
Prairie Peak,44.27961,-123.5907,"44.27961,-123.5907",130
Powell Butte,44.19744,-120.97897,"44.19744,-120.97897",128
Cline Butte,44.25183,-121.303628,"44.25183,-121.303628",127
Juniper,45.7405,-120.7308,"45.7405,-120.7308",122
Buxton Mountain,45.74376,-123.13497,"45.74376,-123.13497",120
Grizzly Mtn,44.43758,-120.954128,"44.43758,-120.954128",120
Timberline Lodge,45.33302,-121.71451,"45.33302,-121.71451",120
UO Prince Lucien Campbell Hall,44.04415,-123.07834,"44.04415,-123.07834",118
Halls Ridge,44.718899,-122.218521,"44.718899,-122.218521",117
King Mountain Lookout,43.81028,-118.8688,"43.81028,-118.8688",114
Rouge Valley Manor,42.307664,-122.8390006,"42.307664,-122.8390006",110
Red Mound Mtn,42.12326,-124.30008,"42.12326,-124.30008",106
Hamaker Mountain,42.07764,-121.97322,"42.07764,-121.97322",105
McClure Mountain,48.317588,-120.114217,"48.317588,-120.114217",105
Selah Butte,46.733534,-120.42908,"46.733534,-120.42908",103
Callahan Ridge,42.905667,-122.961639,"42.905667,-122.961639",102
Buck Mtn,44.19762,-122.98698,"44.19762,-122.98698",100
Tygh Ridge,45.29928,-121.08822,"45.29928,-121.08822",100
Roslyn Ridge FTS,47.24036,-120.97596,"47.24036,-120.97596",100
Britt Water Tank,42.31406,-122.97586,"42.31406,-122.97586",95
Shaniko Tangager,45.025808,-120.837336,"45.025808,-120.837336",95
Stacker Butte,45.71162,-121.117535,"45.71162,-121.117535",82
Bear Mountain,43.84281,-122.89189,"43.84281,-122.89189",80
Bend,44.08865,-121.30751,"44.08865,-121.30751",80
Harness Mountain,43.52217,-123.10738,"43.52217,-123.10738",80
Mary's Peak,44.507353,-123.572476,"44.507353,-123.572476",80
Pine Mountain,43.81126,-120.87449,"43.81126,-120.87449",79
Cinnamon Butte,43.24096,-122.10956,"43.24096,-122.10956",78
Quail Prairie Mtn,42.2416,-124.04546,"42.2416,-124.04546",78
Cottonwood Mountain,44.16302,-117.65521,"44.16302,-117.65521",68
Mahogany Peak,43.25044,-117.23839,"43.25044,-117.23839",67
Cooper Mountain,45.45751,-122.86926,"45.45751,-122.86926",65
Green Mtn Lookout,43.38672109,-120.7249555,"43.3867210936624,-120.724955490053",65
Bosley Butte,42.21203,-124.226,"42.21203,-124.226",64
Big Lookout Mountain,44.60883,-117.27814,"44.60883,-117.27814",62
Deathball Mountain,44.1349,-122.27602,"44.1349,-122.27602",60
Rhinehart Mountain,43.97696,-117.22347,"43.97696,-117.22347",60
Rattlesnake Ridge,46.49111,-119.97528,"46.49111,-119.97528",52
Henkle,44.33555,-121.48589,"44.33555,-121.48589",52
Chelan Butte FTS,47.806984,-120.034255,"47.806984,-120.034255",50
Ski Badger FTS,47.57829924,-120.1960892,"47.578299244,-120.1960892",50
Monument Mountain,43.66426,-117.89131,"43.66426,-117.89131",43.33
Blue Mtn,42.32136,-117.87523,"42.32136,-117.87523",43
Fiddler Mountain,42.2403606,-123.767306,"42.2403606,-123.767306",42
Hampton Butte,43.77377,-120.2817,"43.77377,-120.2817",38
Acty Mountain,42.10378,-119.1329759,"42.10378,-119.1329759",31
Eagle Point Water Reservoir #3,42.45653,-122.78644,"42.45653,-122.78644",30
Long Mountain,42.49397,-122.83482,"42.49397,-122.83482",30
Mt Baldy,42.29765,-122.75108,"42.29765,-122.75108",30
Steens Mountain,42.63619,-118.57668,"42.63619,-118.57668",30
Willamette Pass,43.60672381,-122.0200014,"43.60672381,-122.0200014",30
Riddle Mountain,43.10013,-118.4991,"43.10013,-118.4991",27
Bryant Mtn,42.03463,-121.27639,"42.03463,-121.27639",25
Central Point Water Reservioir,42.360421,-122.951014,"42.360421,-122.951014",25
Warner Peak,42.45962786,-119.7413391,"42.45962786,-119.7413391",24
Wagontire Mountain,43.34891,-119.891542,"43.34891,-119.891542",23
Butler Butte,42.76725,-124.26029,"42.76725,-124.26029",22
Jackass Mountain,43.04198,-118.95261,"43.04198,-118.95261",17
Beaty's Butte,42.38591,-119.33212,"42.38591,-119.33212",13
Phoenix Water Tank,42.27574,-122.80443,"42.27574,-122.80443",
,,,,
,,,,
,,,,
,,,,
,,,,
,,,,
,,,,
,,,,
,,,,
,,,,
,,,,
,,,,
,,,,
,,,,
,,,,
,,,,
,,,,
,,,,
,,,,
,,,,
,,,,
,,,,
,,,,
,,,,
,,,,
,,,,
,,,,
,,,,
,,,,
Baldy,42.29765,-122.75108,,AW (Live)
Bear Mountain,43.84281,-122.89189,,AW (Live)
Beaty's Butte,42.38591,-119.33212,,AW (Live)
BEND-AW,44.08865,-121.30751,,AW (Live)
Blue,42.32136,-117.87523,,AW (Live)
Brightwood,45.39741,-122.03987,,AW (Live)
Bryant,42.03463,-121.27639,,AW (Live)
Buck,44.19762,-122.98698,,AW (Live)
Cave Junction,42.15653,-123.64339,,AW (Live)
Cottonwood,44.16302,-117.65521,,AW (Live)
Crestview,44.00139,-123.10823,,AW (Live)
Dead Mountain,43.77552,-122.40588,,AW (Live)
Deathball,44.1349,-122.27602,,AW (Live)
Fish Rim,42.18684,-119.92506,,AW (Live)
Harness Mountain,43.52217,-123.10738,,AW (Live)
Long,42.49397,-122.83482,,AW (Live)
Big Lookout,44.60883,-117.27814,,AW (Live)
Mahogany,43.25044,-117.23839,,AW (Live)
Mary's Peak West,44.507353,-123.572476,,AW (Live)
Monument,43.66426,-117.89131,,AW (Live)
PDX Tower,45.52028,-122.74476,,AW (Live)
Peterson Butte,44.505504,-122.961877,,AW (Live)
Pine Mountain,43.81126,-120.87449,,AW (Live)
PrairieRidge,44.27961,-123.5907,,AW (Live)
Rhinehart,43.97696,-117.22347,,AW (Live)
Riddle,43.10013,-118.4991,,AW (Live)
Smith Ridge,44.29507,-122.04087,,AW (Live)
Steens,42.63619,-118.57668,,AW (Live)
Timberline,45.33302,-121.71451,,AW (Live)
UOPLC,44.04415,-123.07834,,AW (Live)
Wagontire,43.34891,-119.891542,,AW (Live)
Cooper Mountain,45.45751,-122.86926,,AW (Live)
Rogue Valley Manor,42.307664,-122.8390006,,AW (Live)
Redmound,42.12326,-124.30008,,AW (Live)
KBO Bosley Butte,42.21203,-124.226,,AW (Live)
Fiddler,42.2403606,-123.767306,,AW (Live)
Powell Butte,44.19744,-120.97897,,AW (Live)
Hamaker,42.07764,-121.97322,,AW (Live)
Cline Butte,44.25183,-121.303628,,AW (Live)
Buxton Mountain,45.74376,-123.13497,,AW (Live)
Green Mtn Lookout,43.38672109,-120.7249555,,AW (Live)
McCully Mountain,44.763325,-122.63129,,AW (Live)
Herman Peak,44.12439,-124.01284,,AW (Live)
Henkle,44.33555,-121.48589,,AW (Live)
Acty Mountain,42.10378,-119.1329759,,AW (Live)
Applegate,42.707285,-121.718728,,AW (Live)
Table Mountain,44.475433,-123.836677,,AW (Live)
Jordan Butte,45.47179,-119.81005,,AW (Live)
Grizzly Mtn,44.43758,-120.954128,,AW (Live)
Butler Butte,42.76725,-124.26029,,AW (Live)
Glenada Ridge,43.9555,-124.07524,,AW (Live)
Quail Prairie Mtn,42.2416,-124.04546,,AW (Live)
Steens Mtn,42.63619,-118.57668,,AW (Live)
Willamette Pass,43.60672381,-122.0200014,,AW (Live)
Shaniko Tangager,45.025808,-120.837336,,AW (Live)
Halls Ridge,44.718899,-122.218521,,AW (Live)
Lenhart,45.350261,-122.16713,,AW (Live)
King Mountain Lookout,43.81028,-118.8688,,AW (Live)
Phoenix Water Tank,42.27574,-122.80443,,AW (Live)
Eagle Point Water Reservoir #3,42.45653,-122.78644,,AW (Live)
Central Point Water Reservioir,42.360421,-122.951014,,AW (Live)
Britt Water Tank,42.31406,-122.97586,,AW (Live)
Hampton Butte,43.77377,-120.2817,,AW (Live)
Jackass Mountain,43.04198,-118.95261,,AW (Live)
Warner Peak,42.45962786,-119.7413391,,AW (Live)
Stacker Butte,45.71162,-121.117535,,AW (Live)
Juniper,45.7405,-120.7308,,AW (Live)
Selah Butte,46.733534,-120.42908,,AW (Live)
Rattlesnake Ridge,46.49111,-119.97528,,AW (Live)
Callahan Ridge,42.905667,-122.961639,,AW (Live)
Cinnamon Butte,43.24096,-122.10956,,AW (Live)
Chelan Butte FTS,47.806984,-120.034255,,AW (Live)
Ski Badger FTS,47.57829924,-120.1960893,,AW (Live)
Roslyn Ridge FTS,47.24036,-120.97596,,AW (Live)
Tygh Ridge,45.29928,-121.08822,,AW (Live)
McClure FTS,48.317588,-120.114217,,AW (Live)
