Name,County,State,Lat,Long,Type,Status,NHLR/FFLOS
Acker Rock,Douglas,OR,43.05216,-122.64641,Ground,Standing,"NHLR US 355, OR 41"
Aldrich Mountain,Grant,OR,44.37751,-119.45136,3-Story cab,Standing,"NHLR US 453, OR 56"
Antelope Mountain,Grant,OR,44.04246,-118.41924,Tower,Standing,"NHLR US 913, OR 117"
Bald (Ingram) Butte,Lake,OR,42.61439,-120.78977,Ground,Standing,"NHLR US 258, OR 29"
Bald Butte,Harney,OR,43.68311,-119.36789,Tower,Standing,"NHLR US 425, OR 50"
Bald Knob,Coos,OR,42.69356,-124.03978,Tower,Standing,"NHLR US 1572, OR 131"
Bald Mountain,Klamath,OR,43.27429,-121.35531,Tower,Standing,"NHLR US 480, OR 73"
Baughman Mountain,Douglas,OR,43.26926,-123.58121,Tower,Standing,"NHLR US 331, OR 33"
Bear Butte,Klamath,OR,43.09982,-121.41515,Ground,Standing,"NHLR US 1605, OR 133"
Big Lookout Mountain,Baker,OR,44.60888,-117.27815,2-Story cab,Standing,"NHLR US 1606, OR 134"
Big Rock,Linn,OR,44.26803,-122.45103,2-Story cab,Standing,"NHLR US 1607, OR 134"
Black Butte,Grant,OR,44.54003,-119.13866,Tower,Standing,"NHLR US 951, OR 123"
Black Butte,Jefferson,OR,44.39972,-121.63547,Tower,Standing,"NHLR US 91, OR 12"
Bland Mountain,Douglas,OR,42.96910,-123.11917,Tower,Standing,"NHLR US 481, OR 74"
Bone Point,Grant,OR,44.98546,-119.03024,Tower,Standing,"NHLR US 1600, OR 132"
Bryant Mountain,Klamath,OR,42.03380,-121.27603,Tower,Standing,"NHLR US 1608, OR 135"
Buckhorn Mountain,Wallowa,OR,45.75375,-116.82280,Ground,Standing,"NHLR US 1609, OR 136"
Bunker Hill,Coos,OR,43.35173,-124.20489,Tower,Standing,"NHLR US 473, OR 70"
Calamity Butte,Harney,OR,43.92866,-118.82537,Tower,Standing,"NHLR US 73, OR 10"
Calimus Butte,Klamath,OR,42.63156,-121.55943,Ground,Standing,"NHLR US 259, OR 30"
Carpenter Mountain,Linn,OR,44.28119,-122.14385,Ground,Standing,"NHLR US 484, OR 77"
Chase Mountain,Klamath,OR,42.09462,-121.99416,Tower,Standing,"NHLR US 485, OR 78"
Cinnamon Butte,Douglas,OR,43.24102,-122.10986,Tower,Standing,"NHLR US 486, OR 79"
Clear Lake Butte,Wasco,OR,45.15647,-121.71856,Tower,Standing,"NHLR US 11, OR 3"
Coffin Mountain,Linn,OR,44.62139,-122.04433,Ground,Standing,"NHLR US 888, OR 114"
Cougar Pass,Douglas,OR,43.59705,-123.87102,Tower,Standing,"NHLR US 952, OR 124"
Courtney Butte,Wallowa,OR,45.88024,-117.37372,3-Story cab,Standing,"NHLR US 1184, OR 128"
Desolation Butte,Grant,OR,44.85050,-118.66448,Tower,Standing,"NHLR US 1610, OR 137"
Devils Peak,Clackamas,OR,45.26415,-121.87568,Tower,Standing,"NHLR US 521, OR 102"
Dixie Butte,Grant,OR,44.58294,-118.62649,Ground,Standing,"NHLR US 657, OR 108"
Dog Mountain,Lake,OR,42.11856,-120.71824,2-Story cab,Standing,"NHLR US 475, OR 71"
Drake Peak,Lake,OR,42.30051,-120.15793,Ground,Standing,"NHLR US 487, OR 80"
Dry Mountain,Harney,OR,43.67196,-119.56371,Tower,Standing,"NHLR US 426, OR 51"
Dry Soda,Grant,OR,44.20831,-118.91087,Tower,Standing,"NHLR US 116, OR 16"
Dutchmans Peak,Jackson,OR,42.04357,-122.89085,Ground,Standing,"NHLR US 19, OR 5"
Eagle Butte,Wasco,OR,44.83982,-121.23481,Tower,Standing,"NHLR US 488, OR 81"
East Butte,Lake,OR,43.66715,-120.99576,Tower,Standing,"NHLR US 464, OR 61"
Eden Ridge,Coos,OR,42.87010,-123.95510,Tower,Standing,
Edson Butte,Coos,OR,42.87244,-124.33409,Tower,Standing,
Elk Mountain,Wallowa,OR,45.59815,-117.20542,Ground,Standing,"NHLR US 1614, OR 138"
Fairview Peak,Lane,OR,43.58578,-122.65324,Tower,Standing,"NHLR US 472, OR 69"
Fall Mountain,Grant,OR,44.29368,-119.04274,Tower,Standing,"NHLR US 115, OR 15"
Fivemile Butte,Wasco,OR,45.41005,-121.46869,Tower,Standing,"NHLR US 914, OR 118"
Flagtail Mountain,Grant,OR,44.18625,-119.28115,Tower,Standing,"NHLR US 454, OR 57"
Foley Butte,Crook,OR,44.52703,-120.78501,Tower,Standing,"NHLR US 455, OR 58"
Fox Butte,Lake,OR,43.61062,-120.84279,Tower,Standing,"NHLR US 146, OR 22"
Frazier Point,Grant,OR,44.09404,-118.64800,Tower,Standing,"NHLR US 456, OR 59"
Garwood Butte,Douglas,OR,43.14508,-122.28193,Ground,Standing,"NHLR US 1615, OR 139"
Gerow Butte,Crook,OR,44.26323,-120.46000,Tower,Standing,"NHLR US 1616, OR 140"
Glass Hill,Union,OR,45.20488,-118.07500,Tower,Standing*,
Gold Butte,Marion,OR,44.80521,-122.08364,Ground,Standing,"NHLR US 134, OR 18"
Goodman Ridge,Umatilla,OR,45.58912,-118.20925,Tower,Standing*,
Green Mountain,Lake,OR,43.38672,-120.72490,Tower,Standing,"NHLR US 1618, OR 141"
Green Peter,Linn,OR,44.48307,-122.58291,Ground,Standing,"NHLR US 490, OR 83"
Green Ridge,Jefferson,OR,44.53392,-121.60882,Tower,Standing,"NHLR US 287, OR 32"
Grizzly Mountain,Curry,OR,42.39725,-124.36531,Ground,Standing,"NHLR US 1619, OR 142"
Hager Mountain,Lake,OR,43.00931,-121.03165,Ground,Standing,"NHLR US 1620, OR 143"
Halfway (Pine Ranger Station),Baker,OR,44.86000,-117.08829,Tower,Standing,"NHLR US 1623, OR 144"
Halls Point,Jackson,OR,42.80388,-122.54906,Ground,Standing,"NHLR US 491, OR 84"
Harl Butte,Wallowa,OR,45.32863,-116.87712,Ground,Standing,"NHLR US 550, OR 103"
"Harris, Mount",Union,OR,45.44042,-117.89312,Tower,Standing,"NHLR US 1635, OR 152"
Hat Point,Wallowa,OR,45.43783,-116.66173,Tower,Standing,"NHLR US 605, OR 106"
Headquarters (Sod House) (USFWS),Harney,OR,43.26376,-118.84292,Tower,Standing,"NHLR US 429, OR 54"
Henkle Butte,Deschutes,OR,44.33567,-121.48585,3-Story cab,Standing,"NHLR US 915, OR 119"
Hershberger Mountain,Douglas,OR,43.03353,-122.45491,Ground,Standing,"NHLR US 21, OR 6"
Hickman Butte,Clackamas,OR,45.41298,-121.91152,Tower,Standing,"NHLR US 369, OR 43"
High Ridge,Union,OR,45.68256,-118.10191,Tower,Standing,"NHLR US 551, OR 104"
Hogback Mountain,Klamath,OR,42.24288,-121.70590,Tower,Standing,"NHLR US 492, OR 85"
Hoodoo Ridge,Wallowa,OR,45.94772,-117.61091,Tower,Standing,"NHLR US 916, OR 120"
Horsefly Mountain,Klamath,OR,42.26416,-121.04889,Tower,Standing,"NHLR US 332, OR 34"
Howard Butte,Wallowa,OR,45.72377,-117.73710,Tower,Standing,"NHLR US 1624, OR 145"
Huckleberry Mountain,Lane,OR,43.84666,-122.31814,Ground,Standing,"NHLR US 26, OR 8"
Illahee Rock,Douglas,OR,43.34909,-122.56276,Tower,Standing,"NHLR US 98, OR 13"
Indian Ridge,Lane,OR,44.00564,-122.25484,Tower,Standing,"NHLR US 133, OR 17"
Indian Rock,Grant,OR,44.75680,-118.69165,Ground,Standing,"NHLR US 1625, OR 146"
"Ireland, Mount",Grant,OR,44.83688,-118.32061,Ground,Standing,"NHLR US 1338, OR 153"
Johnson Rock,Union,OR,45.12515,-118.40310,Tower,Standing,"NHLR US 1628, OR 147"
King Mountain,Harney,OR,43.81051,-118.86906,Tower,Standing,"NHLR US 469, OR 66"
Lake O’ Woods,Curry,OR,42.59419,-124.12857,Tower,Standing,"NHLR US 494, OR 87"
Lava Butte,Deschutes,OR,43.91791,-121.35609,2-Story cab,Standing,"NHLR US 508, OR 100"
Little Cowhorn,Lane,OR,44.03861,-122.50354,Ground,Standing,"NHLR US 400, OR 47"
Little Grayback,Josephine,OR,42.19825,-123.49391,2-Story cab,Standing,"NHLR US 917, OR 121"
Long Ridge,Wallowa,OR,45.67196,-116.90509,Tower,Standing,"NHLR US 1629, OR 148"
Lookout Mountain,Marion,OR,44.87860,-122.39413,Tower,Standing,
Lookout Mountain,Union,OR,45.85046,-117.78939,Tower,Standing,"NHLR US 604, OR 105"
Lookout Rock,Lake,OR,42.46282,-120.80149,Tower,Standing,"NHLR US 336, OR 38"
Mackey (Norcross) Butte,Crook,OR,43.78953,-119.81743,Ground,Standing,"NHLR US 1631, OR 149"
Madison Butte,Morrow,OR,45.10738,-119.47482,Tower,Standing,"NHLR US 1632, OR 150"
McGraw,Wallowa,OR,45.17636,-116.77812,Tower,Standing,"NHLR US 1633, OR 151"
Morgan Butte,Lake,OR,42.53999,-120.54435,Ground,Standing,"NHLR US 495, OR 88"
Mule Peak,Union,OR,45.13044,-117.50294,Ground,Standing,"NHLR US 1636, OR 154"
Odell Butte,Klamath,OR,43.47064,-121.86397,Tower,Standing,"NHLR US 466, OR 63"
Onion Mountain,Josephine,OR,42.45442,-123.61613,Tower,Standing,"NHLR US 393, OR 46"
P Ranch (USFWS),Harney,OR,42.82848,-118.88655,Tower,Standing,"NHLR US 430, OR 55"
Parker Mountain,Klamath,OR,42.10531,-122.27883,Tower,Standing,"NHLR US 497, OR 90"
Pearsoll Peak,Curry,OR,42.29884,-123.84570,Ground,Standing,"NHLR US 51, OR 9"
Pechuck Mountain,Clackamas,OR,44.93419,-122.29691,Ground,Standing,"NHLR US 2, OR 2"
Pelican Butte,Klamath,OR,42.51338,-122.14526,Tower,Standing,"NHLR US 499, OR 92"
Pickett Butte,Douglas,OR,42.94352,-122.85585,Tower,Standing,"NHLR US 354, OR 40"
Pig Iron,Douglas,OR,43.26420,-122.37989,Tower,Standing,"NHLR US 335, OR 37"
"Pisgah, Mount",Wheeler,OR,44.45707,-120.23616,Tower,Standing,"NHLR US 457, OR 60"
Point Prominence,Union,OR,45.37176,-117.70209,Tower,Standing,"NHLR US 1638, OR 156"
Quail Prairie,Curry,OR,42.24191,-124.04589,Tower,Standing*,"NHLR US 467, OR 64"
Rajneesh Ranch,Wasco,OR,44.83310,-120.62426,Tower,Standing,"NHLR US 471, OR 68"
Rancheria Rock,Wheeler,OR,44.89829,-120.13763,Ground,Standing,"NHLR US 470, OR 67"
Rattlesnake (USFWS),Harney,OR,43.14139,-118.88897,Tower,Standing,
Red Butte,Douglas,OR,43.16572,-122.88083,Tower,Standing,"NHLR US 390, OR 44"
Red Hill,Wallowa,OR,45.78848,-117.10259,Tower,Standing,"NHLR US 1679, OR 166"
Riddle Mountain,Harney,OR,43.10020,-118.49913,2-Story cab,Standing,"NHLR US 953, OR 125"
Ritter Butte,Grant,OR,44.83359,-119.07136,3-Story cab,Standing,"NHLR US 658, OR 109"
Robinson Butte,Jackson,OR,42.36451,-122.38170,Tower,Standing,"NHLR US 740, OR 112"
Round Mountain,Deschutes,OR,43.75748,-121.71021,Ground,Standing,"NHLR US 468, OR 65"
Round Top,Jackson,OR,42.70186,-122.99090,Tower,Standing,"NHLR US 501, OR 93"
Russel Mountain,Baker,OR,45.06842,-117.08696,Tower,Standing,"NHLR US 1639, OR 157"
Rustler Peak,Jackson,OR,42.61927,-122.34812,Tower,Standing,"NHLR US 217, OR 27"
Saddleblanket Mountain,Lane,OR,43.89374,-122.51049,Tower,Standing,"NHLR US 25, OR 7"
Sand Mountain,Linn,OR,44.38477,-121.92800,Tower,Standing,"NHLR US 1, OR 1"
"Scott, Mount",Klamath,OR,42.92291,-122.01625,2-Story cab,Standing,"NHLR US 402, OR 49"
Sexton Mountain,Josephine,OR,42.60014,-123.36548,Tower,Standing,"NHLR US 741, OR 113"
Shitike Butte,Jefferson,OR,44.74501,-121.61079,Tower,Standing,"NHLR US 656, OR 107"
Sidwalter Butte,Wasco,OR,44.92621,-121.53932,Tower,Standing,"NHLR US 739, OR 111"
Sisi Butte,Clackamas,OR,44.89929,-121.84469,Tower,Standing,"NHLR US 368, OR 42"
Snow Camp,Curry,OR,42.34389,-124.16547,Ground,Standing,"NHLR US 13, OR 4"
Snow Mountain,Grant,OR,43.97038,-119.49632,Tower,Standing,"NHLR US 502, OR 94"
Soda Mountain,Jackson,OR,42.06478,-122.47904,Tower,Standing,"NHLR US 340, OR 39"
South Baldy,Wheeler,OR,44.65666,-119.97138,Tower,Standing,"NHLR US 1640, OR 158"
Spodue Mountain,Klamath,OR,42.59306,-121.26905,Tower,Standing,"NHLR US 503, OR 95"
Spring Butte,Klamath,OR,43.52332,-121.34810,Tower,Standing,"NHLR US 174, OR 25"
Squaw Peak,Jackson,OR,42.06970,-123.01210,Ground,Standing,"NHLR US 504, OR 96"
"Stella, Mount",Jackson,OR,42.93754,-122.43469,Tower,Standing,"NHLR US 496, OR 89"
Stubblefield Butte (USFWS),Harney,OR,43.17083,-118.91706,Tower,Standing,
Sugarloaf Mountain,Harney,OR,43.91573,-119.23928,Tower,Standing,"NHLR US 427, OR 52"
Sugarpine Mountain,Klamath,OR,43.11696,-121.60711,Tower,Standing,"NHLR US 1641, OR 159"
Summit Point,Baker,OR,44.98287,-117.23926,Tower,Standing,"NHLR US 1642, OR 160"
Table Mountain,Jackson,OR,42.19776,-122.49288,Tower,Standing,"NHLR US 1643, OR 161"
Table Rock,Baker,OR,44.33403,-118.31656,Ground,Standing,"NHLR US 263, OR 31"
Tamarack Mountain,Grant,OR,44.87379,-119.66146,Tower,Standing,"NHLR US 1516, OR 130"
Tope Creek,Wallowa,OR,45.65276,-117.40341,Tower,Standing,"NHLR US 222, OR 28"
Tower Mountain,Umatilla,OR,45.05430,-118.56890,Tower,Standing,"NHLR US 142, OR 20"
Tower Point,Crook,OR,44.05735,-120.29569,Tower,Standing,"NHLR US 1644, OR 162"
Trout Creek Butte,Deschutes,OR,44.24114,-121.66957,Tower,Standing,"NHLR US 506, OR 98"
Unity Ranger Station,Baker,OR,44.43675,-118.18814,Tower,Standing,"NHLR US 1645, OR 163"
Wagontire Mountain,Harney,OR,43.34877,-119.89151,2-Story cab,Standing,"NHLR US 954, OR 126"
Waldo Mountain,Lane,OR,43.76522,-122.09898,Ground,Standing,"NHLR US 135, OR 19"
Walker Mountain,Klamath,OR,43.30521,-121.71696,Tower,Standing,"NHLR US 145, OR 21"
Warner Ridge,Lane,OR,43.54340,-122.36640,Tower,Standing,"NHLR US 84, OR 11"
"Watchman, The",Klamath,OR,42.94294,-122.17237,2-Story cab,Standing,"NHLR US 401, OR 48"
West Myrtle Butte,Grant,OR,43.97464,-119.16028,Tower,Standing,"NHLR US 428, OR 53"
White Point,Jackson,OR,42.77075,-122.55270,Tower,Standing,"NHLR US 507, OR 99"
Wildhorse,Curry,OR,42.47100,-124.16032,Tower,Standing,"NHLR US 509, OR 101"
Wolf Mountain,Wheeler,OR,44.32820,-119.71545,Tower,Standing,"NHLR US 902, OR 115"
Yainax Butte,Klamath,OR,42.32651,-121.26976,Tower,Standing,"NHLR US 1646, OR 164"
ZX Ranch,Lake,OR,42.78413,-121.06784,Tower,Standing,"NHLR US 1647, OR 165"
"Adams, Mount",Yakima,WA,46.20241,-121.49089,Ground,Standing,"NHLR US 840, WA 58"
Alpine (Nason Ridge),Chelan,WA,47.81202,-120.86579,Ground,Standing,"NHLR US 123, WA 11"
Armstrong Mountain,Okanogan,WA,48.26717,-119.08576,Tower,Standing,"NHLR US 1521, WA 70"
Big Butte,Asotin,WA,46.11540,-117.24929,Tower,Temp*,"NHLR US 364, WA 45"
"Bonaparte, Mount",Okanogan,WA,48.78524,-119.12231,Tower,Standing,"NHLR US 160, WA 20"
Buck Mountain,Okanogan,WA,48.43665,-119.82395,Tower,Standing,"NHLR US 362, WA 43"
Burley Mountain,Lewis,WA,46.40686,-121.86285,Ground,Standing,"NHLR US 356, WA 37"
Clearwater,Garfield,WA,46.20297,-117.57517,Tower,Standing,"NHLR US 1522, WA 71"
Cody Butte,Ferry,WA,48.34129,-118.66240,Tower,Standing,"NHLR US 1523, WA 72"
Columbia Mountain,Ferry,WA,48.62000,-118.48200,Tower,Standing*,"NHLR US 103, WA 9"
"Constitution, Mount",San Juan,WA,48.67750,-122.83113,Stone tower,Standing,"NHLR US 59, WA 3"
Copper Mountain,Whatcom,WA,48.90844,-121.46263,Ground,Standing,"NHLR US 271, WA 29"
Cornell Butte,Okanogan,WA,48.59433,-118.89040,Tower,Standing,"NHLR US 1524, WA 73"
Desolation Peak,Whatcom,WA,48.91128,-121.01643,Ground,Standing,"NHLR US 272, WA 30"
Dodger Point,Clallam,WA,47.87409,-123.50991,Ground,Standing,"NHLR US 1112, WA 65"
Evergreen Mountain,Snohomish,WA,47.83647,-121.26394,Ground,Standing,"NHLR US 206, WA 25"
First Butte,Okanogan,WA,48.61915,-120.10891,Tower,Standing,"NHLR US 358, WA 39"
Franson Peak,Ferry,WA,48.85500,-118.63200,Tower,Standing,"NHLR US 1525, WA 74"
"Fremont, Mount",Pierce,WA,46.93379,-121.67546,2-Story cab,Standing,"NHLR US 477, WA 50"
Funk Mountain,Okanogan,WA,48.59971,-119.74464,Tower,Standing,"NHLR US 361, WA 42"
Goat Peak,Okanogan,WA,48.63216,-120.40399,Tower,Standing,"NHLR US 357, WA 38"
Gobblers Knob,Pierce,WA,46.79406,-121.91472,2-Story cab,Standing,"NHLR US 478, WA 51"
Gold Mountain,Ferry,WA,48.18060,-118.46760,Tower,Standing,"NHLR US 1526, WA 75"
Goodman Hill,Pierce,WA,47.07200,-122.64638,Tower,Standing,"NHLR US 1527, WA 76"
Granite Mountain,King,WA,47.41711,-121.48121,Tower,Standing,"NHLR US 1068, WA 64"
Green Mountain,Snohomish,WA,48.29151,-121.23862,Ground,Standing,"NHLR US 22, WA 1"
Grizzly Mountain,Ferry,WA,48.41936,-118.49920,Tower,Standing,
Hamma Hamma GS,Mason,WA,47.59248,-123.11509,Ground,Standing,
Heybrook,Snohomish,WA,47.81062,-121.52537,Tower,Standing,"NHLR US 1094, WA 60"
Hidden Lake,Skagit,WA,48.49542,-121.20522,Ground,Standing,"NHLR US 175, WA 22"
High Rock,Lewis,WA,46.68438,-121.90130,2-Story cab,Temp*,"NHLR US 387, WA 47"
Indian Mountain,Pend Oreille,WA,48.66340,-117.03919,Tower,Standing,"NHLR US 130, WA 15"
Johnny George,Ferry,WA,47.91140,-118.44375,Tower,Standing,"NHLR US 1547, WA 77"
Jumpoff,Yakima,WA,46.64456,-121.03185,Ground,Standing,"NHLR US 1518, WA 69"
Keller Butte,Ferry,WA,48.06149,-118.79549,Tower,Standing,"NHLR US 1548, WA 78"
Kelly Butte,King,WA,47.16926,-121.49036,Ground,Standing,"NHLR US 910, WA 59"
Kitsap,Kitsap,WA,47.54387,-122.74610,Tower,Standing,
Knowlton Knob,Okanogan,WA,48.16401,-119.90175,Tower,Standing,"NHLR US 360, WA 41"
Leecher Mountain,Okanogan,WA,48.25055,-120.00226,Tower,Standing,"NHLR US 603, WA 55"
Lookout Mountain,Skagit,WA,48.55238,-121.32957,Tower,Standing,"NHLR US 730, WA 57"
Lookout Mountain,Okanogan,WA,48.31322,-120.18753,Tower,Standing,"NHLR US 363, WA 44"
Lookout Point,Spokane,WA,47.81315,-117.51120,Tower,Standing,"NHLR US 326, WA 33"
Meadow Butte,Klickitat,WA,46.01293,-121.41154,Tree cab,Standing,"NHLR US 1550, WA 80"
Mebee Pass,Okanogan/Skagit,WA,48.63729,-120.77396,Ground,Standing,"NHLR US 1551, WA 81"
Miners Ridge,Snohomish,WA,48.20709,-121.02891,Tower,Standing,"NHLR US 75, WA 6"
Monument 83,Okanogan,WA,49.00021,-120.64522,Tower/Ground,Standing,"NHLR US 1552, WA 82"
Moses Mountain,Okanogan,WA,48.37187,-119.06126,Tower,Standing,"NHLR US 1555, WA 83"
North Mountain,Skagit,WA,48.31815,-121.60259,Tower,Standing,"NHLR US 1095, WA 61"
North Point,Clallam,WA,48.08442,-124.07233,Ground,Standing,"NHLR US 1556, WA 84"
North Twentymile Peak,Okanogan,WA,48.75112,-120.06842,Tower/Ground,Standing,"NHLR US 161, WA 21"
Omak Mountain,Okanogan,WA,48.44934,-119.30903,Tower,Standing,"NHLR US 1557, WA 84"
Oregon Butte,Columbia,WA,46.10963,-117.67936,Ground,Standing,"NHLR US 144, WA 18"
Park Butte,Whatcom,WA,48.71656,-121.85637,Ground,Standing,"NHLR US 533, WA 52"
Pilchuck Mountain,Snohomish,WA,48.05796,-121.79780,Ground,Standing,"NHLR US 62, WA 4"
Puyallup Ridge,Pierce,WA,46.83416,-122.01716,Tower,Standing,"NHLR US 126, WA 14"
Red Mountain,Skamania,WA,45.93489,-121.82094,Tower,Standing,"NHLR US 189, WA 24"
Red Top Mountain,Kittitas,WA,47.30172,-120.76081,Tower,Standing,"NHLR US 225, WA 28"
Salmo Mountain,Pend Oreille,WA,48.96836,-117.10309,Tower,Standing,"NHLR US 132, WA 16"
Satus Peak,Yakima,WA,46.25742,-120.75337,2-Story cab,Standing,"NHLR US 1559, WA 86"
Shriner Peak,Pierce,WA,46.81362,-121.53054,2-Story cab,Standing,"NHLR US 207, WA 26"
Signal Peak,Yakima,WA,46.22708,-121.13727,Tower,Standing,"NHLR US 1560, WA 87"
Sourdough Mountain,Whatcom,WA,48.74263,-121.10936,Ground,Standing,"NHLR US 208, WA 27"
South Baldy,Pend Oreille,WA,48.42351,-117.13752,Tower,Standing,"NHLR US 143, WA 17"
"Spokane, Mount (Vista House)",Spokane,WA,47.92380,-117.11224,2-Story,Standing,"NHLR US 58, WA 2"
Steliko Point,Chelan,WA,47.74062,-120.34425,Tower,Standing,"NHLR US 1096, WA 62"
Strawberry Mountain (Col BIA),Okanogan,WA,48.45168,-118.93748,Tower,Standing,"NHLR US 1561, WA 88"
Sugarloaf Mountain,Chelan,WA,47.75699,-120.52793,Ground,Standing,"NHLR US 124, WA 12"
Sullivan Mountain,Pend Oreille,WA,48.87773,-117.24889,Tower,Standing,"NHLR US 1403, WA 68"
Suntop Mountain,Pierce,WA,47.04100,-121.59649,Ground,Standing,"NHLR US 92, WA 7"
Table Rock,Columbia,WA,46.03102,-117.91197,2-Story cab,Standing,"NHLR US 1097, WA 63"
Thorp Mountain,Kittitas,WA,47.37079,-121.20857,Ground,Standing,"NHLR US 389, WA 48"
Three Fingers,Snohomish,WA,48.16989,-121.68785,Ground,Standing,"NHLR US 68, WA 5"
Timber Mountain,Pend Oreille,WA,48.52711,-117.45273,Tower,Standing,"NHLR US 150, WA 19"
Tolmie Peak,Pierce,WA,46.95755,-121.88087,2-Story cab,Standing,"NHLR US 1562, WA 89"
Tower Mountain,Stevens,WA,47.98986,-118.14720,Tower,Standing,"NHLR US 1287, WA 67"
Tunk Mountain,Okanogan,WA,48.54558,-119.23625,Tower,Standing,"NHLR US 648, WA 56"
Tyee Mountain,Chelan,WA,47.86421,-120.47129,Ground,Standing,"NHLR US 125, WA 13"
Watch Mountain,Lewis,WA,46.57087,-121.98759,Tower,Standing,"NHLR US 552, WA 53"
Wellpinit Mountain,Stevens,WA,47.88658,-118.02086,Tower,Standing,"NHLR US 1563, WA 90"
Whitestone Ridge,Ferry,WA,48.02173,-118.50943,Tower,Standing,"NHLR US 1564, WA 91"
Whitmore Mountain,Okanogan,WA,48.18018,-119.24706,Tower,Standing,"NHLR US 1565, WA 92"
Winchester Mountain,Whatcom,WA,48.95649,-121.64306,Ground,Standing,"NHLR US 93, WA 8"
